date,deficit,gdp_growth,inflation,copper,copper_yoy
2015-01-31,-0.2696092159444,,3.07326326860977,265.576788929357,
2015-02-28,-0.333747668321971,,2.76858517072284,259.875545138655,
2015-03-31,-0.399409514465311,,3.02019928834408,269.418922519685,
2015-04-30,-0.681990004688227,,3.0174126785349,273.904332568387,
2015-05-31,-0.871407014642705,,3.36620186894155,285.478620716135,
2015-06-30,-0.935100355022764,,3.54491029740405,264.580947488988,
2015-07-31,-0.904423433610757,,3.56292547971011,247.514018952722,
2015-08-31,-0.996294126784586,,4.0426728422815,232.61296945963,
2015-09-30,-1.33274559430385,,3.90455488298777,236.65048158356,
2015-10-31,-1.44182709532981,,3.66020462128904,236.597906103789,
2015-11-30,-1.81783474367627,,4.17256708018865,217.720019830367,
2015-12-31,-1.91616848697148,,4.39792854166932,210.617730533857,
2016-01-31,-1.97191759938827,3.5411381430281663,4.60868784321291,203.34222154071,-26.701364266504868
2016-02-29,-2.32872148779563,6.424292199242898,4.47375701506678,208.589853320883,-21.983294428625744
2016-03-31,-2.65302794864272,3.5493811072874415,4.30108051334928,224.791999201646,-18.109197435742885
2016-04-30,-2.75367420421157,2.7663018509724413,3.9072132668403,221.023684291275,-21.45090296959342
2016-05-31,-2.77145621125814,4.873513620413261,3.54061765756533,213.75592192679,-28.933233028212335
2016-06-30,-2.82851587857217,3.5785254225590313,3.34161872071432,210.556033903078,-22.83954321207542
2016-07-31,-3.05021262631447,3.5806298593316965,2.96195894036733,220.668370264587,-11.480623516648958
2016-08-31,-3.24774682123926,5.773702181938578,2.94253095758978,215.239935437002,-7.762261250696589
2016-09-30,-3.07847795915736,4.509055365017667,3.12667111206595,214.195597262522,-9.969468788116664
2016-10-31,-2.97684899718969,2.18080649732737,3.40528775471299,214.60643217401,-9.75562989641201
2016-11-30,-2.9691163759737,3.518172183481094,3.34963245522741,247.250110662107,12.719049342647093
2016-12-31,-2.31686688644923,3.4794387787502767,3.23488195037019,255.905477880885,19.47633625455172
2017-01-31,-2.4748925656699,5.01626211264572,3.09636415923956,260.545003665625,24.788522502634702
2017-02-28,-2.42304058467619,0.7875270432218695,3.24979324559658,269.475258083762,25.61066798099061
2017-03-31,-2.37796250289113,1.1639555060952045,3.97485445147011,264.200792328717,16.153386441075668
2017-04-30,-2.38321525510495,0.31223892963108124,3.69471572141791,257.709072005962,15.356145627268525
2017-05-31,-2.58782742512721,3.6583594293286392,3.03980253604198,254.286347797924,17.362617321411378
2017-06-30,-2.63979084114372,3.970161662830729,2.73244391775147,259.444011276625,20.878911115486787
2017-07-31,-2.45458053750615,2.230237043494121,2.85206926625983,271.480433354167,20.722908062845224
2017-08-31,-2.58259294620528,2.8604537858628376,3.1738100701898,294.504213891011,31.35399269544976
2017-09-30,-2.73541366184752,3.3530884903673286,2.94499513550225,298.335261621833,33.132828965028516
2017-10-31,-2.73279696803487,3.6096132717437612,2.04014312278334,308.787644890375,36.384800468088315
2017-11-30,-2.78922715145387,2.0320544102139904,1.5443382320383,309.646893164,22.503217587967494
2017-12-31,-2.94769099448475,1.4188219270174995,1.36485588371446,311.065007491333,19.519376836870528
2018-01-31,-2.88817076440604,2.872051765495809,1.25318836941743,320.780031028815,20.798002157297102
2018-02-28,-2.97804978863888,2.714131636332495,1.17956124835664,317.810628021425,16.497911663219078
2018-03-31,-2.85785890898553,3.8812884652786206,0.363136029353744,308.158285477,15.390417379450394
2018-04-30,-2.57981429166857,8.084185728138804,0.48486988623302,310.407298554833,18.605398063096423
2018-05-31,-2.211249535244,6.707248950005296,0.930692513230167,309.59848607313,19.68152661910816
2018-06-30,-2.10426066444899,2.0717300433597208,1.42933403390647,315.965965051,19.7093579083651
2018-07-31,-2.06957699475852,2.607024074003461,1.61610098729974,283.52925067775,4.342522673943705
2018-08-31,-2.0229424607494,2.3202833784494503,1.07057542660273,274.550586927674,-7.015778011426033
2018-09-30,-2.02084714683827,2.390255045983669,1.28028100935954,274.457970268212,-8.341975767325849
2018-10-31,-2.09363563565977,4.08443549632711,1.84089384430844,282.115718802978,-9.033647014756951
2018-11-30,-2.12483815738559,5.060036792484746,2.16709746401055,281.042224330875,-9.692767138626301
2018-12-31,-2.26354231388549,4.709016871323901,2.1925231538682,274.9514949665,-12.340721746994454
2019-01-31,-2.01538526438664,1.6823927633534907,2.12915785051415,269.412667267054,-17.451134347420805
2019-02-28,-1.81465945579891,2.0822092546397997,2.00338485500231,285.785305728037,-10.621484638097556
2019-03-31,-1.74793328737229,3.3859989457573514,2.24744059848037,292.08918668875,-5.355437535298613
2019-04-30,-1.71696136082885,-0.0033697959582190684,2.59264472909832,292.131526885625,-6.068116602513474
2019-05-31,-1.55808192419188,0.6896895890478039,2.72512754617208,273.214954612098,-12.501738686313502
2019-06-30,-1.62424582607461,2.8186584617884147,2.29478053967056,266.813237862325,-16.908557226573606
2019-07-31,-1.61762430545508,3.930357505337878,2.11191328006436,269.488101650326,-5.079105518532767
2019-08-31,-1.7890289611016,3.715001701742615,2.03972339384534,258.777024314375,-5.916875058263393
2019-09-30,-1.57447264976904,2.5311235552709865,1.85100693723761,261.23518569225,-4.937703926247572
2019-10-31,-1.5518848385437,2.7072545852833807,1.88056226356924,261.146636573063,-7.723526162458327
2019-11-30,-1.55761784814083,2.3100877645152007,1.86679694871124,265.802968856333,-5.574960683892005
2019-12-31,-1.59169487088411,1.2399281969790676,1.90009157916248,276.109407307125,0.42024902873611936
2020-01-31,-1.70482828324072,3.3023985096534814,1.88835605229068,273.803342801617,1.6165838533051868
2020-02-29,-1.99019112323306,4.578725535646333,1.90403776113918,257.99200024675,-10.231227200112869
2020-03-31,-2.62022738422083,-17.606950235691343,1.82153296943842,235.080227254398,-21.71323410435555
2020-04-30,-3.84582041183634,-39.27759154405715,1.72448975655499,229.157836563294,-24.279312662281605
2020-05-31,-4.49964071589708,-32.727955735992474,1.7819197522911,237.725063518376,-13.914405427767473
2020-06-30,-4.7044422864424,-18.104189778414003,1.59873239164688,261.024061648713,-2.193633668731909
2020-07-31,-5.05595137597688,-11.01971822065776,1.8616957242678,288.889969244938,6.9521646706451
2020-08-31,-5.53473260936398,-9.165567027327048,1.68739824186658,295.18720547811,13.164296899010974
2020-09-30,-6.06786864034195,-5.867006507893713,1.81955390705632,304.469755464358,15.315066078967643
2020-10-31,-6.9515441309712,-3.2539259422946554,1.72400036113651,304.032656806895,15.205304383558449
2020-11-30,-7.44116385908319,-2.1053615384006075,2.14220969430481,320.391731501704,18.678909233359686
2020-12-31,-8.71065300770382,1.0328873284909612,1.97323222946074,351.917859003231,24.26006028052914
2021-01-31,-8.67315282596395,-0.9938737700337708,2.67554538350913,361.041166970931,27.65818660644941
2021-02-28,-8.6917037321626,-3.817400163137541,2.4013422122209,383.750484990309,39.70639850736486
2021-03-31,-8.22581083303204,19.87358072641474,2.59818523324116,408.458943086612,55.24645542741364
2021-04-30,-6.8832649693654,59.901419726263214,2.38369772363027,421.078302554279,60.840779943334496
2021-05-31,-6.41769906213771,48.60488754120289,2.44745902560864,461.376879023019,66.31004233826746
2021-06-30,-6.14723668813517,23.4148272577011,3.25460667105263,436.012583786,51.30585115286435
2021-07-31,-5.76880726844885,13.31924350774969,3.81459906516264,427.900487030073,39.28447752484088
2021-08-31,-4.78016865755784,12.011908951003946,4.95280459648037,424.424318988801,36.31239572345466
2021-09-30,-4.62962797645907,10.029364035262622,5.22957455422953,422.932618434239,32.86411148991899
2021-10-31,-3.88863269816154,4.765343967972191,5.82600992647617,443.811538733549,37.82648906671717
2021-11-30,-3.14739461765392,3.75236017899343,5.65514784662318,442.954598408887,32.39228700688379
2021-12-31,-2.48433913063257,2.0288512932224556,6.43038716340725,433.319749994173,20.80781148608235
2022-01-31,-2.39410947400823,3.0585602735513806,5.68491659367423,443.247223988096,20.513569431465495
2022-02-28,-2.17561422180017,4.832066170427396,6.1470442223465,450.932050719019,16.132410183858337
2022-03-31,-1.52760824246321,3.8881325483057116,6.82408900736014,464.369133037125,12.828837855740804
2022-04-30,-1.01562389845151,4.042862149569371,7.96465277256915,462.304581052218,9.34051320045004
2022-05-31,-0.944213654283128,2.5413015962101326,8.09113893196794,425.633555273356,-8.063645680364306
2022-06-30,-0.96329246740845,3.722006368930053,8.81263294388897,411.475287869666,-5.792214029287823
2022-07-31,-1.09840742704796,1.9931670832450843,8.74083491516008,341.545335084434,-22.541023859934572
2022-08-31,-1.51632851118305,2.0088651285798953,8.39798830340194,361.802037639144,-15.963650225093229
2022-09-30,-1.16436640325561,2.1647819307577754,8.52985253634929,350.840296578184,-18.68817474556055
2022-10-31,-1.21680117656782,2.6161441594557022,8.27519462737062,345.692464989787,-24.985045970550157
2022-11-30,-1.63645164386261,2.223099667824746,8.44722980234022,364.232611626193,-19.567457166650648
2022-12-31,-1.67693743468995,1.321501358284527,8.45916200000001,379.288785659567,-13.317802575081572
2023-01-31,-1.79564378325701,-0.527098554745431,8.66426700097408,406.296087888575,-8.704550775684083
2023-02-28,-1.84253266445317,-0.29098804776137577,8.64592356025242,406.201039154537,-10.446845718085473
2023-03-31,-2.04517017081681,0.9015759413753655,8.40057400933134,400.781399189704,-14.726364180003593
2023-04-30,-2.32978255113326,0.7564780348493283,7.9650458305066,399.896105812783,-14.501916230509782
2023-05-31,-2.26175536525807,-1.118688014860758,7.89388564823743,374.364581088165,-12.834863886319425
2023-06-30,-2.49504400416326,-0.6546145818509097,6.46149699198863,380.392873482034,-7.85443683127669
2023-07-31,-2.49247961321806,-0.9923973888557036,5.88160145590039,383.070640061564,11.473898796749982
2023-08-31,-2.61027343296019,0.05664732609811374,5.57614720330122,378.888668627061,4.614520671064781
2023-09-30,-2.77489658835225,-0.9380652985650051,5.04454594794186,375.159773053998,6.702087228906617
2023-10-31,-2.7400439627526,-0.7357272512976576,4.34308132283159,360.136881972864,4.093463657905083
2023-11-30,-2.63495539603269,0.6047192723648065,3.63647512169549,370.906608191847,1.8157594512164366
2023-12-31,-2.74193861066599,-1.0879915897409442,3.23738256432406,381.203351453226,0.5035081219306292
2024-01-31,-2.58202762722322,1.8309746197633592,3.02392174826855,378.750618773954,-7.020418377079363
2024-02-29,-2.94404821571476,3.1624100080752005,3.29406696032184,376.968742642759,-7.468593412792046
2024-03-31,-3.32502242063119,-0.4096901209591608,3.04504592593905,393.635022459929,-1.7991998439705448
2024-04-30,-3.51460517273444,5.529869813713439,2.42207617792805,428.56232255724,6.923139309992443
2024-05-31,-3.8809324003826,5.706913108378053,2.00493835958688,458.925043106757,20.365675361258706
2024-06-30,-3.83997224159676,0.3705853220387967,2.28538225698791,437.335623793388,13.949632193326433
2024-07-31,-3.86459524470271,4.8586819728823505,2.1276637869709,426.084955193297,10.641934074621862
2024-08-31,-3.87268253099858,3.970281009480936,2.03409700303861,406.81050641667,7.110507921888676
2024-09-30,-3.94810723822479,3.4905323567961277,1.77501053596859,419.777062976675,11.237177120612074
2024-10-31,-3.98514754419854,3.831103417737247,2.00918040984485,432.692612805238,18.35433878763979
2024-11-30,-3.87675872274771,4.382006829621354,2.27199072148831,411.625360017887,10.416331434502535
2024-12-31,-3.44958601500345,5.066222155649536,1.96630270142824,404.306470331104,5.884021671430073
2025-01-31,-3.56635093538063,4.412620885995433,1.85158283440667,406.680076198312,7.114883222484281
2025-02-28,-3.45915179506967,2.9293300600906846,1.4773290589483,423.175165976027,11.562392404232291
2025-03-31,-3.29490313351804,4.794638967346065,1.27718026977924,441.393979566908,11.451371327855764
2025-04-30,-2.85707351491684,1.3877986358598937,1.65183401740204,416.584391195284,-2.834711000386214
2025-05-31,-2.65339755039205,2.3076175952895017,1.68666289219268,432.080756134859,-6.027438567535448
2025-06-30,-2.57408072980445,4.8966304519235,1.69370904576716,446.050861278393,1.9732066104280577
2025-07-31,-2.56859870853158,3.5771184944527246,1.6888009685144,443.532484485297,4.013229308325084
2025-08-31,-2.3770919668536,3.2690513353982764,1.10633077531991,437.522244656037,7.27800586093359
2025-09-30,-2.44703725841854,4.45219309609548,1.35839342135424,451.448119634049,7.273669165947361
2025-10-31,-2.29056136179242,4.062735828458175,1.35177475650182,485.163389830551,11.445814569189228
2025-11-30,-2.13009474229985,1.5706177280244704,1.36861256988846,489.914917863946,17.4118123693618
2025-12-31,-2.16510144440886,3.8321700799265335,1.50879973918667,537.182546622127,28.416479428118357
2026-01-31,-2.10407996134832,3.53927065882087,1.70091694832201,592.495761158643,37.631689604736884
2026-02-28,-2.15318822949763,3.676960847958055,2.21416625767848,588.21065337895,32.929894049566855
2026-03-31,-2.16741945358744,,3.80454581291585,566.944077989914,25.032281665471157
